segment,rows,mae,exact,false_pos,false_neg,pred_units,actual_units,unit_delta,model,file
All,3206,0.4978165938864629,0.8727386150966937,112,134,10920.0,10498.0,422.0,v3_8_ak_specialist,"Daily Allocation - 127, 132, 128, 150, 706, 134 - 6.1.2026.xlsb"
Allocate,1472,0.545516304347826,0.891983695652174,60,13,8024.0,7535.0,489.0,v3_8_ak_specialist,"Daily Allocation - 127, 132, 128, 150, 706, 134 - 6.1.2026.xlsb"
Review,1734,0.4573241061130334,0.856401384083045,52,121,2896.0,2963.0,-67.0,v3_8_ak_specialist,"Daily Allocation - 127, 132, 128, 150, 706, 134 - 6.1.2026.xlsb"
Site 802,83,0.6867469879518072,0.8072289156626506,4,10,26.0,47.0,-21.0,v3_8_ak_specialist,"Daily Allocation - 127, 132, 128, 150, 706, 134 - 6.1.2026.xlsb"
Site 802 Allocate,57,0.6842105263157895,0.7894736842105263,2,8,20.0,35.0,-15.0,v3_8_ak_specialist,"Daily Allocation - 127, 132, 128, 150, 706, 134 - 6.1.2026.xlsb"
Site 802 Review,26,0.6923076923076923,0.8461538461538461,2,2,6.0,12.0,-6.0,v3_8_ak_specialist,"Daily Allocation - 127, 132, 128, 150, 706, 134 - 6.1.2026.xlsb"
Non-802,3123,0.49279538904899134,0.8744796669868716,108,124,10894.0,10451.0,443.0,v3_8_ak_specialist,"Daily Allocation - 127, 132, 128, 150, 706, 134 - 6.1.2026.xlsb"
All,3206,0.4978165938864629,0.8727386150966937,112,134,10920.0,10498.0,422.0,v3_9_feature_pruned,"Daily Allocation - 127, 132, 128, 150, 706, 134 - 6.1.2026.xlsb"
Allocate,1472,0.545516304347826,0.891983695652174,60,13,8024.0,7535.0,489.0,v3_9_feature_pruned,"Daily Allocation - 127, 132, 128, 150, 706, 134 - 6.1.2026.xlsb"
Review,1734,0.4573241061130334,0.856401384083045,52,121,2896.0,2963.0,-67.0,v3_9_feature_pruned,"Daily Allocation - 127, 132, 128, 150, 706, 134 - 6.1.2026.xlsb"
Site 802,83,0.6867469879518072,0.8072289156626506,4,10,26.0,47.0,-21.0,v3_9_feature_pruned,"Daily Allocation - 127, 132, 128, 150, 706, 134 - 6.1.2026.xlsb"
Site 802 Allocate,57,0.6842105263157895,0.7894736842105263,2,8,20.0,35.0,-15.0,v3_9_feature_pruned,"Daily Allocation - 127, 132, 128, 150, 706, 134 - 6.1.2026.xlsb"
Site 802 Review,26,0.6923076923076923,0.8461538461538461,2,2,6.0,12.0,-6.0,v3_9_feature_pruned,"Daily Allocation - 127, 132, 128, 150, 706, 134 - 6.1.2026.xlsb"
Non-802,3123,0.49279538904899134,0.8744796669868716,108,124,10894.0,10451.0,443.0,v3_9_feature_pruned,"Daily Allocation - 127, 132, 128, 150, 706, 134 - 6.1.2026.xlsb"
All,966,0.8146997929606625,0.8716356107660456,35,57,3426.0,3701.0,-275.0,v3_8_ak_specialist,"Daily Allocation - 132, 143, 150 - 6.4.2026.xlsb"
Allocate,554,1.0252707581227436,0.8574007220216606,25,31,2983.0,3189.0,-206.0,v3_8_ak_specialist,"Daily Allocation - 132, 143, 150 - 6.4.2026.xlsb"
Review,412,0.5315533980582524,0.8907766990291263,10,26,443.0,512.0,-69.0,v3_8_ak_specialist,"Daily Allocation - 132, 143, 150 - 6.4.2026.xlsb"
Site 802,43,0.046511627906976744,0.9767441860465116,0,1,0.0,2.0,-2.0,v3_8_ak_specialist,"Daily Allocation - 132, 143, 150 - 6.4.2026.xlsb"
Site 802 Allocate,33,0.06060606060606061,0.9696969696969697,0,1,0.0,2.0,-2.0,v3_8_ak_specialist,"Daily Allocation - 132, 143, 150 - 6.4.2026.xlsb"
Site 802 Review,10,0.0,1.0,0,0,0.0,0.0,0.0,v3_8_ak_specialist,"Daily Allocation - 132, 143, 150 - 6.4.2026.xlsb"
Non-802,923,0.8504875406283857,0.866738894907909,35,56,3426.0,3699.0,-273.0,v3_8_ak_specialist,"Daily Allocation - 132, 143, 150 - 6.4.2026.xlsb"
All,966,0.8126293995859213,0.8737060041407867,33,57,3424.0,3701.0,-277.0,v3_9_feature_pruned,"Daily Allocation - 132, 143, 150 - 6.4.2026.xlsb"
Allocate,554,1.0252707581227436,0.8574007220216606,25,31,2983.0,3189.0,-206.0,v3_9_feature_pruned,"Daily Allocation - 132, 143, 150 - 6.4.2026.xlsb"
Review,412,0.5266990291262136,0.8956310679611651,8,26,441.0,512.0,-71.0,v3_9_feature_pruned,"Daily Allocation - 132, 143, 150 - 6.4.2026.xlsb"
Site 802,43,0.046511627906976744,0.9767441860465116,0,1,0.0,2.0,-2.0,v3_9_feature_pruned,"Daily Allocation - 132, 143, 150 - 6.4.2026.xlsb"
Site 802 Allocate,33,0.06060606060606061,0.9696969696969697,0,1,0.0,2.0,-2.0,v3_9_feature_pruned,"Daily Allocation - 132, 143, 150 - 6.4.2026.xlsb"
Site 802 Review,10,0.0,1.0,0,0,0.0,0.0,0.0,v3_9_feature_pruned,"Daily Allocation - 132, 143, 150 - 6.4.2026.xlsb"
Non-802,923,0.8483206933911159,0.8689057421451788,33,56,3424.0,3699.0,-275.0,v3_9_feature_pruned,"Daily Allocation - 132, 143, 150 - 6.4.2026.xlsb"
All,2350,0.15914893617021278,0.9212765957446809,40,83,2705.0,2763.0,-58.0,v3_8_ak_specialist,"Daily Allocation - 133, 155, 131, 704, 141, 152, 156, 708, 715 - 6.3.2026.xlsb"
Allocate,677,0.32348596750369274,0.8124076809453471,29,45,2046.0,2027.0,19.0,v3_8_ak_specialist,"Daily Allocation - 133, 155, 131, 704, 141, 152, 156, 708, 715 - 6.3.2026.xlsb"
Review,1673,0.09264793783622235,0.9653317393903168,11,38,659.0,736.0,-77.0,v3_8_ak_specialist,"Daily Allocation - 133, 155, 131, 704, 141, 152, 156, 708, 715 - 6.3.2026.xlsb"
Site 802,35,0.8,0.6857142857142857,0,7,34.0,62.0,-28.0,v3_8_ak_specialist,"Daily Allocation - 133, 155, 131, 704, 141, 152, 156, 708, 715 - 6.3.2026.xlsb"
Site 802 Allocate,15,1.3333333333333333,0.4666666666666667,0,4,29.0,49.0,-20.0,v3_8_ak_specialist,"Daily Allocation - 133, 155, 131, 704, 141, 152, 156, 708, 715 - 6.3.2026.xlsb"
Site 802 Review,20,0.4,0.85,0,3,5.0,13.0,-8.0,v3_8_ak_specialist,"Daily Allocation - 133, 155, 131, 704, 141, 152, 156, 708, 715 - 6.3.2026.xlsb"
Non-802,2315,0.14946004319654427,0.9248380129589633,40,76,2671.0,2701.0,-30.0,v3_8_ak_specialist,"Daily Allocation - 133, 155, 131, 704, 141, 152, 156, 708, 715 - 6.3.2026.xlsb"
All,2350,0.15914893617021278,0.9212765957446809,40,83,2705.0,2763.0,-58.0,v3_9_feature_pruned,"Daily Allocation - 133, 155, 131, 704, 141, 152, 156, 708, 715 - 6.3.2026.xlsb"
Allocate,677,0.32348596750369274,0.8124076809453471,29,45,2046.0,2027.0,19.0,v3_9_feature_pruned,"Daily Allocation - 133, 155, 131, 704, 141, 152, 156, 708, 715 - 6.3.2026.xlsb"
Review,1673,0.09264793783622235,0.9653317393903168,11,38,659.0,736.0,-77.0,v3_9_feature_pruned,"Daily Allocation - 133, 155, 131, 704, 141, 152, 156, 708, 715 - 6.3.2026.xlsb"
Site 802,35,0.8,0.6857142857142857,0,7,34.0,62.0,-28.0,v3_9_feature_pruned,"Daily Allocation - 133, 155, 131, 704, 141, 152, 156, 708, 715 - 6.3.2026.xlsb"
Site 802 Allocate,15,1.3333333333333333,0.4666666666666667,0,4,29.0,49.0,-20.0,v3_9_feature_pruned,"Daily Allocation - 133, 155, 131, 704, 141, 152, 156, 708, 715 - 6.3.2026.xlsb"
Site 802 Review,20,0.4,0.85,0,3,5.0,13.0,-8.0,v3_9_feature_pruned,"Daily Allocation - 133, 155, 131, 704, 141, 152, 156, 708, 715 - 6.3.2026.xlsb"
Non-802,2315,0.14946004319654427,0.9248380129589633,40,76,2671.0,2701.0,-30.0,v3_9_feature_pruned,"Daily Allocation - 133, 155, 131, 704, 141, 152, 156, 708, 715 - 6.3.2026.xlsb"
All,1101,0.296094459582198,0.9082652134423251,23,25,2775.0,2653.0,122.0,v3_8_ak_specialist,"Daily Allocation - 136, 139, 158, 101, 108, 109, 151 - 6.5.2026.xlsb"
Allocate,685,0.4,0.8744525547445255,22,13,2667.0,2519.0,148.0,v3_8_ak_specialist,"Daily Allocation - 136, 139, 158, 101, 108, 109, 151 - 6.5.2026.xlsb"
Review,416,0.125,0.9639423076923077,1,12,108.0,134.0,-26.0,v3_8_ak_specialist,"Daily Allocation - 136, 139, 158, 101, 108, 109, 151 - 6.5.2026.xlsb"
Site 802,42,0.7619047619047619,0.7619047619047619,0,8,101.0,125.0,-24.0,v3_8_ak_specialist,"Daily Allocation - 136, 139, 158, 101, 108, 109, 151 - 6.5.2026.xlsb"
Site 802 Allocate,33,0.9696969696969697,0.696969696969697,0,8,93.0,117.0,-24.0,v3_8_ak_specialist,"Daily Allocation - 136, 139, 158, 101, 108, 109, 151 - 6.5.2026.xlsb"
Site 802 Review,9,0.0,1.0,0,0,8.0,8.0,0.0,v3_8_ak_specialist,"Daily Allocation - 136, 139, 158, 101, 108, 109, 151 - 6.5.2026.xlsb"
Non-802,1059,0.2776203966005666,0.9140698772426817,23,17,2674.0,2528.0,146.0,v3_8_ak_specialist,"Daily Allocation - 136, 139, 158, 101, 108, 109, 151 - 6.5.2026.xlsb"
All,1101,0.296094459582198,0.9082652134423251,23,25,2775.0,2653.0,122.0,v3_9_feature_pruned,"Daily Allocation - 136, 139, 158, 101, 108, 109, 151 - 6.5.2026.xlsb"
Allocate,685,0.4,0.8744525547445255,22,13,2667.0,2519.0,148.0,v3_9_feature_pruned,"Daily Allocation - 136, 139, 158, 101, 108, 109, 151 - 6.5.2026.xlsb"
Review,416,0.125,0.9639423076923077,1,12,108.0,134.0,-26.0,v3_9_feature_pruned,"Daily Allocation - 136, 139, 158, 101, 108, 109, 151 - 6.5.2026.xlsb"
Site 802,42,0.7619047619047619,0.7619047619047619,0,8,101.0,125.0,-24.0,v3_9_feature_pruned,"Daily Allocation - 136, 139, 158, 101, 108, 109, 151 - 6.5.2026.xlsb"
Site 802 Allocate,33,0.9696969696969697,0.696969696969697,0,8,93.0,117.0,-24.0,v3_9_feature_pruned,"Daily Allocation - 136, 139, 158, 101, 108, 109, 151 - 6.5.2026.xlsb"
Site 802 Review,9,0.0,1.0,0,0,8.0,8.0,0.0,v3_9_feature_pruned,"Daily Allocation - 136, 139, 158, 101, 108, 109, 151 - 6.5.2026.xlsb"
Non-802,1059,0.2776203966005666,0.9140698772426817,23,17,2674.0,2528.0,146.0,v3_9_feature_pruned,"Daily Allocation - 136, 139, 158, 101, 108, 109, 151 - 6.5.2026.xlsb"
